,id,UserId,AcademyId,academy_clicked,reviewTab_clicked,createdAt,updatedAt
0,1,283,30,False,False,2022-05-04,2022-10-20
1,2,22,14,True,True,2023-02-05,2023-01-18
2,3,117,17,True,True,2023-01-03,2022-04-06
3,4,19,23,True,False,2022-06-20,2022-04-27
4,5,74,13,True,True,2022-09-21,2023-01-02
5,6,227,4,True,True,2022-09-03,2022-09-12
6,7,204,23,True,True,2022-11-21,2022-08-07
7,8,17,18,True,False,2023-01-13,2022-06-02
8,9,69,14,False,False,2022-04-18,2022-09-18
9,10,295,6,True,True,2022-03-24,2023-02-22
10,11,256,23,True,True,2023-01-31,2022-08-11
11,12,102,14,True,True,2022-08-28,2022-11-03
12,13,39,18,True,True,2023-01-03,2023-01-04
13,14,31,27,False,False,2022-03-13,2022-12-08
14,15,27,28,True,False,2022-09-01,2022-06-24
15,16,235,25,False,False,2022-12-18,2023-01-18
16,17,148,16,True,False,2022-06-09,2022-10-28
17,18,267,7,True,True,2022-04-21,2023-02-26
18,19,299,22,True,True,2022-07-14,2022-03-24
19,20,183,29,True,False,2022-03-21,2022-03-22
20,21,154,21,True,True,2022-11-20,2022-10-09
21,22,128,30,True,True,2022-03-16,2023-03-12
22,23,39,7,True,True,2023-02-18,2022-08-08
23,24,141,21,False,False,2022-12-04,2022-06-05
24,25,146,25,False,False,2022-08-23,2022-12-19
25,26,49,4,True,True,2022-03-24,2022-10-03
26,27,183,29,False,False,2022-06-07,2023-01-03
27,28,12,25,True,True,2022-08-30,2023-03-12
28,29,68,4,True,True,2022-09-21,2022-10-13
29,30,254,18,True,True,2022-06-11,2022-07-25
30,31,270,23,False,False,2022-06-10,2022-11-30
31,32,151,10,True,False,2022-06-05,2023-01-02
32,33,49,29,True,True,2022-09-07,2022-07-03
33,34,237,29,True,False,2023-03-07,2022-03-21
34,35,20,30,False,False,2022-08-21,2023-02-01
35,36,55,4,True,True,2023-03-03,2022-10-15
36,37,24,28,True,True,2023-03-06,2022-11-17
37,38,160,2,True,True,2022-04-20,2022-05-24
38,39,34,14,True,False,2022-11-12,2022-12-19
39,40,231,9,True,True,2023-02-09,2022-07-06
40,41,117,16,True,True,2022-04-28,2022-12-26
41,42,225,3,True,True,2022-07-20,2023-02-23
42,43,251,15,True,True,2022-12-18,2022-12-14
43,44,264,19,False,False,2022-09-23,2023-03-11
44,45,219,25,True,True,2022-08-23,2022-09-26
45,46,26,10,True,True,2023-01-29,2023-03-01
46,47,130,29,True,True,2022-11-28,2022-05-25
47,48,29,16,False,False,2022-07-08,2022-07-01
48,49,145,28,False,False,2022-10-27,2023-02-18
49,50,204,12,False,False,2022-09-22,2023-02-04
50,51,193,6,False,False,2023-03-13,2022-09-25
51,52,182,4,True,True,2022-08-12,2022-10-27
52,53,176,16,True,True,2023-02-07,2022-03-26
53,54,24,16,True,False,2022-09-15,2022-06-15
54,55,189,19,True,True,2022-12-26,2023-01-16
55,56,2,11,False,False,2022-08-17,2022-08-20
56,57,282,10,True,True,2022-11-26,2022-05-19
57,58,96,17,False,False,2022-08-02,2022-10-12
58,59,51,11,True,False,2023-02-18,2022-12-11
59,60,195,4,True,True,2023-01-08,2022-11-29
60,61,94,8,True,True,2022-12-24,2022-08-05
61,62,243,28,False,False,2022-04-15,2022-08-30
62,63,237,8,True,False,2022-11-25,2022-09-26
63,64,91,1,True,True,2022-04-23,2023-01-09
64,65,46,21,True,True,2022-05-15,2022-10-01
65,66,256,22,True,True,2023-02-02,2022-08-12
66,67,291,21,False,False,2022-08-03,2022-09-19
67,68,43,6,True,True,2022-12-22,2022-03-24
68,69,118,9,True,True,2022-09-11,2022-03-29
69,70,239,24,True,False,2022-07-10,2022-12-11
70,71,286,16,False,False,2023-02-05,2022-11-06
71,72,148,29,False,False,2022-10-29,2022-10-23
72,73,197,15,True,False,2022-08-12,2022-11-19
73,74,106,1,True,False,2022-05-18,2022-05-17
74,75,286,4,False,False,2022-09-24,2022-06-09
75,76,212,24,True,True,2022-03-17,2023-01-06
76,77,181,29,False,False,2022-05-29,2022-10-08
77,78,292,3,True,True,2023-03-05,2023-02-10
78,79,299,14,True,True,2022-10-11,2022-06-11
79,80,64,9,True,True,2022-08-17,2022-09-28
80,81,194,10,True,False,2022-07-24,2023-02-05
81,82,75,21,True,False,2022-10-23,2022-07-28
82,83,60,25,False,False,2022-09-07,2023-03-01
83,84,236,7,True,True,2022-06-25,2022-11-24
84,85,5,6,True,True,2022-10-11,2022-11-04
85,86,6,11,False,False,2022-12-21,2022-03-15
86,87,248,16,True,True,2022-08-09,2023-01-11
87,88,242,24,False,False,2023-02-08,2023-01-25
88,89,221,5,True,True,2023-02-20,2023-03-12
89,90,230,13,True,True,2022-12-25,2022-09-28
90,91,192,2,False,False,2023-01-21,2022-05-02
91,92,46,19,False,False,2022-09-30,2023-01-08
92,93,82,29,False,False,2022-10-17,2022-05-31
93,94,181,30,True,False,2022-08-25,2022-04-03
94,95,297,12,True,True,2022-09-15,2023-02-13
95,96,259,16,True,True,2022-08-01,2022-10-20
96,97,12,29,True,True,2022-10-14,2022-05-29
97,98,199,15,True,True,2023-03-13,2022-09-25
98,99,116,12,True,True,2022-08-20,2022-09-17
99,100,247,30,True,False,2023-01-22,2022-07-29
100,101,131,28,True,True,2022-08-20,2022-07-25
101,102,95,23,True,False,2022-03-13,2022-10-08
102,103,32,8,True,False,2022-10-08,2022-11-10
103,104,141,4,True,True,2023-01-12,2022-11-05
104,105,27,4,True,True,2022-07-19,2022-09-06
105,106,126,10,True,True,2022-10-31,2022-03-23
106,107,218,3,True,False,2023-01-19,2022-06-10
107,108,137,6,True,True,2022-11-14,2022-05-20
108,109,52,2,True,True,2022-10-12,2022-10-25
109,110,122,30,False,False,2022-05-22,2023-02-10
110,111,123,19,True,True,2022-04-17,2023-01-17
111,112,75,29,True,False,2022-10-12,2023-01-16
112,113,282,6,False,False,2023-02-06,2023-01-24
113,114,114,13,True,True,2023-03-09,2022-06-20
114,115,291,24,True,False,2022-03-25,2023-02-02
115,116,298,6,True,False,2022-11-29,2022-04-09
116,117,262,13,False,False,2022-04-14,2023-02-13
117,118,123,20,True,True,2022-03-19,2022-09-04
118,119,207,29,True,True,2022-03-18,2022-12-30
119,120,204,27,True,True,2022-12-31,2022-06-30
120,121,119,29,True,True,2022-06-17,2022-06-25
121,122,70,12,False,False,2022-04-24,2023-01-16
122,123,66,11,True,True,2022-11-10,2022-05-23
123,124,274,16,False,False,2022-07-24,2022-07-03
124,125,161,20,False,False,2022-04-08,2022-05-17
125,126,246,25,True,True,2022-05-13,2022-06-20
126,127,180,6,True,True,2022-10-03,2022-05-17
127,128,85,9,True,True,2022-11-23,2022-06-26
128,129,46,29,True,True,2022-11-19,2022-12-14
129,130,83,14,True,True,2022-07-05,2022-09-05
130,131,36,20,True,True,2022-12-10,2022-07-16
131,132,230,8,True,True,2022-09-21,2022-09-12
132,133,225,14,True,False,2022-04-26,2022-03-22
133,134,88,5,True,False,2022-07-12,2022-08-10
134,135,280,9,True,True,2022-07-24,2022-08-23
135,136,271,24,True,True,2023-01-16,2022-05-25
136,137,189,15,False,False,2022-06-21,2022-04-24
137,138,48,30,False,False,2022-06-19,2023-02-25
138,139,201,26,True,True,2022-12-21,2022-09-27
139,140,149,17,False,False,2022-06-02,2022-11-03
140,141,13,28,True,True,2022-08-27,2023-01-24
141,142,230,24,False,False,2022-03-21,2022-06-08
142,143,45,2,True,True,2022-03-19,2022-08-14
143,144,231,22,True,True,2022-05-08,2022-03-26
144,145,161,29,True,True,2022-12-17,2022-05-14
145,146,100,12,True,True,2022-09-02,2022-12-11
146,147,27,21,True,True,2022-09-25,2022-12-01
147,148,187,18,True,True,2022-08-25,2022-10-10
148,149,213,6,True,False,2023-01-30,2022-06-06
149,150,178,6,True,True,2022-11-12,2023-01-16
150,151,28,28,True,True,2022-12-07,2022-09-29
151,152,82,24,True,False,2022-09-04,2022-06-07
152,153,87,19,True,True,2022-10-02,2022-11-19
153,154,44,8,True,True,2022-03-24,2022-08-13
154,155,225,22,True,True,2022-11-30,2022-10-22
155,156,40,27,True,True,2023-01-19,2022-07-15
156,157,220,8,True,False,2022-11-24,2022-11-13
157,158,288,27,True,False,2022-08-25,2022-04-04
158,159,132,27,True,True,2022-12-24,2022-07-06
159,160,17,24,True,False,2022-04-30,2022-06-03
160,161,112,25,True,True,2023-02-16,2022-03-31
161,162,156,24,True,False,2022-07-09,2022-04-09
162,163,181,6,False,False,2023-02-09,2022-04-11
163,164,72,20,False,False,2022-07-11,2023-03-04
164,165,272,14,True,True,2023-03-12,2022-07-06
165,166,285,9,False,False,2022-12-26,2022-05-13
166,167,233,5,True,True,2022-08-21,2022-10-18
167,168,286,15,True,False,2022-06-19,2022-05-02
168,169,153,14,False,False,2022-03-16,2022-10-16
169,170,220,9,True,False,2023-02-17,2023-02-06
170,171,131,6,True,True,2022-03-27,2022-10-28
171,172,166,26,True,False,2023-01-25,2022-06-05
172,173,29,24,True,False,2023-02-25,2022-10-20
173,174,24,8,True,False,2022-09-07,2022-05-18
174,175,133,10,True,True,2023-01-28,2023-02-13
175,176,145,22,True,True,2023-02-13,2023-01-09
176,177,269,7,True,False,2022-12-11,2022-11-09
177,178,86,8,True,True,2022-09-26,2022-03-27
178,179,75,18,False,False,2022-08-06,2022-05-29
179,180,97,23,True,True,2022-07-25,2022-04-20
180,181,14,6,True,False,2022-05-31,2022-10-21
181,182,180,9,False,False,2022-11-29,2023-02-24
182,183,117,7,False,False,2022-08-28,2022-10-28
183,184,45,14,True,False,2022-05-27,2022-09-20
184,185,117,28,True,True,2022-04-22,2023-03-12
185,186,126,24,True,True,2022-11-26,2022-08-11
186,187,156,26,True,True,2022-07-05,2022-09-24
187,188,273,22,True,False,2022-09-23,2022-03-19
188,189,166,4,True,False,2022-07-17,2022-11-05
189,190,294,23,True,True,2023-02-14,2022-08-16
190,191,105,26,True,True,2023-02-25,2022-06-30
191,192,280,25,True,True,2022-03-20,2022-05-12
192,193,64,27,False,False,2022-05-30,2023-02-09
193,194,231,9,True,True,2022-07-18,2023-01-22
194,195,129,30,True,False,2022-10-17,2023-01-10
195,196,29,26,True,True,2022-05-04,2022-07-22
196,197,78,15,False,False,2022-08-26,2022-06-03
197,198,138,14,True,True,2022-06-24,2022-11-29
198,199,28,5,True,True,2022-04-19,2023-02-01
199,200,103,12,True,False,2022-08-07,2023-03-10
200,201,240,7,True,False,2022-10-11,2022-07-24
201,202,212,16,True,False,2023-03-03,2023-02-18
202,203,160,30,True,True,2023-02-01,2022-12-04
203,204,242,17,False,False,2022-10-06,2022-09-17
204,205,242,3,True,True,2023-01-05,2022-10-05
205,206,112,5,True,False,2022-06-12,2022-04-07
206,207,228,25,True,False,2022-12-19,2022-03-28
207,208,223,24,True,True,2022-04-14,2022-05-03
208,209,135,30,False,False,2022-05-17,2022-05-16
209,210,223,19,True,True,2023-03-01,2022-10-08
210,211,132,2,True,True,2022-06-03,2022-06-25
211,212,290,23,True,True,2023-01-01,2022-07-20
212,213,24,30,False,False,2022-11-01,2022-09-25
213,214,105,6,False,False,2023-02-02,2022-06-20
214,215,57,2,True,True,2022-08-02,2022-07-22
215,216,28,25,True,True,2022-07-23,2022-04-26
216,217,206,28,True,True,2022-07-04,2022-06-12
217,218,126,21,True,True,2023-02-12,2022-11-02
218,219,251,3,True,True,2023-01-09,2022-12-15
219,220,6,25,True,False,2023-02-20,2022-09-18
220,221,95,5,True,False,2022-05-04,2022-10-24
221,222,88,20,True,True,2022-10-13,2023-01-06
222,223,17,18,True,False,2022-04-22,2022-07-15
223,224,140,2,False,False,2022-03-28,2022-08-17
224,225,241,13,True,True,2022-04-10,2022-08-07
225,226,178,29,True,True,2023-02-12,2023-01-13
226,227,253,30,False,False,2022-05-09,2023-01-28
227,228,232,29,True,True,2022-04-30,2022-07-23
228,229,136,13,False,False,2022-04-26,2022-11-06
229,230,276,6,True,False,2022-10-27,2023-01-10
230,231,197,7,True,True,2023-03-07,2022-08-06
231,232,300,19,True,True,2022-04-11,2022-10-20
232,233,289,18,True,True,2022-10-12,2022-06-07
233,234,6,2,True,True,2022-10-18,2022-04-13
234,235,160,5,True,True,2022-06-24,2022-08-01
235,236,60,10,True,True,2023-02-21,2022-07-05
236,237,105,5,True,True,2022-10-18,2022-10-06
237,238,169,20,True,False,2023-03-07,2022-04-26
238,239,89,1,True,True,2022-09-06,2023-02-24
239,240,183,5,False,False,2022-06-28,2022-04-23
240,241,120,14,False,False,2023-01-12,2022-03-30
241,242,212,30,True,False,2023-01-28,2022-07-05
242,243,7,22,True,True,2022-03-17,2022-11-06
243,244,247,23,True,False,2022-11-28,2022-03-18
244,245,190,20,True,True,2022-04-17,2022-08-20
245,246,247,14,True,False,2022-04-26,2023-01-27
246,247,120,30,True,True,2023-02-19,2023-01-13
247,248,300,26,True,True,2022-03-28,2022-05-24
248,249,154,8,True,True,2022-06-14,2023-01-12
249,250,176,15,True,True,2022-10-26,2022-08-23
250,251,288,20,True,True,2022-05-14,2022-04-26
251,252,22,13,True,False,2022-09-04,2022-05-17
252,253,224,17,True,True,2022-12-02,2022-06-14
253,254,53,11,True,True,2022-05-13,2022-12-26
254,255,266,30,True,True,2023-02-04,2022-04-21
255,256,154,26,True,True,2022-08-28,2023-03-01
256,257,46,13,True,True,2022-08-06,2023-01-20
257,258,277,29,True,True,2022-10-09,2023-03-01
258,259,230,14,True,True,2023-01-24,2022-07-05
259,260,120,10,True,False,2022-10-12,2022-06-19
260,261,267,5,False,False,2022-12-14,2022-09-14
261,262,99,17,False,False,2022-07-13,2022-04-20
262,263,272,1,True,True,2022-06-01,2022-11-21
263,264,95,14,True,True,2022-07-14,2022-03-28
264,265,91,29,True,True,2022-03-23,2022-03-17
265,266,8,3,False,False,2023-01-12,2023-03-07
266,267,139,28,True,True,2022-07-05,2022-12-20
267,268,34,1,False,False,2022-10-30,2022-07-15
268,269,112,17,True,True,2022-09-03,2022-08-11
269,270,8,26,False,False,2022-07-12,2022-08-14
270,271,244,22,False,False,2022-04-06,2022-04-06
271,272,138,28,True,True,2023-03-02,2022-07-14
272,273,65,27,True,True,2022-11-01,2022-09-06
273,274,12,18,True,False,2022-04-25,2022-06-18
274,275,216,29,True,True,2022-06-04,2023-01-11
275,276,21,27,True,False,2022-11-07,2023-01-09
276,277,255,12,True,True,2023-02-22,2022-10-09
277,278,256,4,True,False,2023-02-12,2022-12-05
278,279,182,9,True,True,2022-09-11,2022-11-25
279,280,133,19,True,True,2022-07-29,2022-06-21
280,281,117,10,True,True,2022-05-23,2022-10-09
281,282,45,8,True,True,2022-06-01,2022-07-10
282,283,72,2,True,True,2022-05-29,2022-06-16
283,284,184,28,True,True,2022-07-30,2022-04-13
284,285,202,2,True,True,2023-01-25,2022-06-30
285,286,162,1,True,True,2022-04-16,2022-12-30
286,287,6,9,True,True,2022-09-02,2022-04-17
287,288,261,23,True,True,2022-11-21,2022-10-22
288,289,127,16,True,True,2022-11-17,2022-07-22
289,290,267,21,True,True,2023-03-13,2022-06-09
290,291,112,22,True,True,2022-08-11,2022-07-10
291,292,32,20,True,True,2022-03-28,2022-07-18
292,293,102,18,True,True,2022-05-24,2022-07-14
293,294,1,10,True,True,2023-01-14,2023-02-04
294,295,1,13,True,False,2022-10-23,2023-02-23
295,296,203,7,True,True,2023-03-05,2022-07-08
296,297,297,19,True,False,2022-06-16,2022-07-20
297,298,44,29,True,True,2022-04-21,2022-10-10
298,299,211,29,False,False,2022-11-05,2022-10-23
299,300,115,24,False,False,2023-01-20,2022-10-30
300,301,197,10,True,True,2022-04-17,2022-06-16
301,302,212,2,False,False,2022-06-06,2022-03-20
302,303,149,19,True,False,2023-01-20,2022-06-15
303,304,9,18,True,True,2022-08-16,2022-04-10
304,305,283,17,True,True,2022-06-25,2022-10-13
305,306,15,28,True,True,2023-02-12,2022-04-09
306,307,28,23,False,False,2022-12-21,2022-04-11
307,308,254,9,False,False,2022-03-21,2022-11-14
308,309,25,20,True,True,2022-03-16,2022-07-03
309,310,293,17,True,False,2022-12-29,2023-01-14
310,311,285,14,True,True,2022-07-30,2022-09-20
311,312,113,21,True,True,2022-09-11,2023-02-11
312,313,118,29,True,True,2023-02-09,2022-05-11
313,314,160,3,False,False,2022-04-21,2022-09-23
314,315,235,25,True,True,2023-01-09,2023-01-15
315,316,254,10,True,True,2022-07-18,2022-04-11
316,317,213,22,True,True,2022-09-26,2022-11-26
317,318,183,5,True,True,2022-05-19,2022-05-21
318,319,166,25,True,True,2023-01-08,2022-05-10
319,320,241,22,True,False,2022-05-06,2023-01-26
320,321,9,22,True,True,2023-02-12,2022-07-15
321,322,106,25,True,False,2022-07-09,2022-04-23
322,323,129,3,True,True,2022-12-13,2022-09-28
323,324,120,13,True,False,2023-01-31,2023-03-05
324,325,53,13,True,False,2022-11-01,2022-07-04
325,326,152,14,True,True,2022-05-01,2023-02-23
326,327,176,4,True,True,2022-06-01,2022-05-07
327,328,85,14,True,True,2022-10-10,2023-03-01
328,329,174,23,True,True,2022-12-18,2022-03-25
329,330,278,25,True,False,2023-01-09,2022-07-13
330,331,81,11,True,False,2023-01-25,2023-02-26
331,332,225,28,True,False,2022-11-10,2023-01-19
332,333,253,18,True,True,2022-11-29,2023-02-28
333,334,12,9,True,False,2022-10-13,2023-02-02
334,335,28,26,True,True,2022-12-27,2022-12-05
335,336,261,10,True,True,2022-05-31,2022-05-21
336,337,38,7,True,True,2022-07-07,2022-08-28
337,338,183,29,False,False,2022-10-07,2022-05-13
338,339,43,28,True,True,2022-03-31,2022-12-15
339,340,3,19,True,False,2023-02-10,2022-11-27
340,341,104,1,True,True,2022-06-17,2022-06-19
341,342,66,15,True,True,2023-01-09,2022-04-07
342,343,239,10,True,True,2022-12-02,2022-09-02
343,344,246,13,True,True,2023-01-20,2022-08-27
344,345,43,19,True,False,2022-10-12,2022-06-18
345,346,41,3,True,True,2022-10-09,2022-08-30
346,347,169,2,True,False,2023-02-06,2022-10-07
347,348,41,21,False,False,2022-09-05,2022-03-17
348,349,129,11,False,False,2022-08-13,2023-01-31
349,350,161,25,True,True,2022-07-22,2022-05-18
350,351,100,10,False,False,2022-06-21,2022-09-17
351,352,106,16,True,True,2022-03-22,2023-01-14
352,353,154,4,True,False,2022-11-19,2023-03-10
353,354,260,29,True,False,2022-08-21,2022-10-20
354,355,264,12,True,True,2022-03-20,2022-04-06
355,356,168,3,True,True,2022-12-06,2022-07-28
356,357,72,27,True,False,2022-10-24,2022-05-05
357,358,138,10,True,True,2022-10-29,2022-04-30
358,359,79,9,False,False,2022-05-05,2022-06-21
359,360,229,3,True,True,2023-01-28,2022-06-28
360,361,262,8,True,True,2022-08-14,2022-10-18
361,362,268,28,True,True,2022-08-15,2022-05-18
362,363,88,7,True,True,2022-11-05,2022-04-16
363,364,11,24,False,False,2022-06-11,2022-09-17
364,365,227,6,True,True,2022-03-15,2022-05-20
365,366,152,16,True,True,2022-10-04,2022-07-14
366,367,164,30,True,True,2022-09-23,2023-02-22
367,368,278,12,True,False,2022-11-19,2023-03-05
368,369,17,24,True,True,2022-08-30,2023-03-09
369,370,120,9,True,True,2022-12-04,2022-11-16
370,371,159,25,True,True,2022-12-22,2022-06-08
371,372,298,21,True,True,2022-06-13,2022-07-12
372,373,165,23,True,True,2022-09-21,2022-12-04
373,374,243,16,False,False,2022-09-14,2022-06-08
374,375,118,20,True,False,2022-12-14,2022-08-20
375,376,242,4,True,False,2022-07-21,2022-10-16
376,377,219,10,True,False,2022-11-05,2023-02-28
377,378,228,11,True,True,2022-12-20,2023-03-04
378,379,95,12,False,False,2022-11-21,2022-06-27
379,380,267,15,True,True,2022-11-19,2022-06-06
380,381,164,12,True,True,2022-03-31,2023-03-05
381,382,272,9,True,True,2022-04-09,2023-01-03
382,383,26,7,True,False,2022-09-27,2022-11-18
383,384,272,13,True,True,2023-02-16,2022-08-03
384,385,101,13,True,True,2022-05-13,2022-09-27
385,386,62,25,True,False,2023-01-04,2023-01-14
386,387,135,6,True,True,2023-02-18,2022-05-31
387,388,290,19,True,True,2022-07-12,2022-07-07
388,389,144,20,True,True,2022-12-06,2022-07-07
389,390,245,19,True,True,2023-02-05,2022-10-13
390,391,186,3,True,True,2022-08-04,2022-05-16
391,392,82,15,False,False,2022-12-10,2022-12-10
392,393,153,16,True,True,2022-12-23,2022-09-09
393,394,223,1,True,False,2022-10-29,2022-04-15
394,395,181,11,True,True,2023-02-08,2022-04-29
395,396,68,16,True,False,2023-02-24,2022-11-03
396,397,239,19,True,True,2022-09-28,2022-10-20
397,398,45,20,False,False,2022-08-06,2022-05-20
398,399,240,14,True,False,2022-05-12,2022-06-18
399,400,117,16,True,False,2022-08-25,2022-06-05
400,401,109,21,True,True,2023-03-13,2022-10-20
401,402,32,2,True,True,2022-12-17,2023-01-01
402,403,170,17,True,True,2023-01-10,2022-04-02
403,404,194,11,True,True,2022-09-21,2022-12-02
404,405,117,29,True,True,2022-08-12,2022-12-16
405,406,276,10,True,True,2022-11-15,2022-07-26
406,407,123,25,True,False,2022-08-09,2022-09-29
407,408,87,2,True,True,2023-02-04,2022-05-16
408,409,27,19,True,True,2022-10-10,2022-12-21
409,410,79,1,True,True,2022-03-28,2022-10-02
410,411,23,18,True,True,2022-04-17,2023-01-20
411,412,259,2,True,True,2022-06-20,2022-11-12
412,413,193,10,True,True,2022-04-21,2022-06-24
413,414,19,23,True,True,2022-12-24,2023-03-02
414,415,232,27,True,True,2022-04-14,2022-05-06
415,416,36,25,True,True,2023-01-08,2022-11-07
416,417,16,15,True,True,2023-02-02,2022-11-24
417,418,156,4,True,True,2022-12-04,2022-12-10
418,419,73,30,False,False,2022-04-13,2022-09-01
419,420,125,2,True,True,2023-02-06,2023-03-06
420,421,231,18,True,True,2022-06-14,2023-02-06
421,422,114,22,True,True,2022-08-08,2023-03-13
422,423,41,7,True,False,2023-01-18,2023-02-26
423,424,133,26,True,False,2022-08-28,2022-08-14
424,425,197,21,True,True,2022-05-15,2023-03-01
425,426,133,2,True,True,2022-07-17,2022-08-30
426,427,193,26,True,True,2022-05-01,2022-11-09
427,428,85,16,True,True,2023-02-28,2022-09-18
428,429,64,16,True,False,2022-06-03,2022-04-28
429,430,233,18,True,True,2022-08-27,2022-11-01
430,431,2,4,True,True,2022-10-06,2022-08-18
431,432,26,10,True,False,2023-03-01,2022-04-27
432,433,109,18,True,False,2022-11-24,2022-07-05
433,434,117,30,True,False,2022-06-28,2022-06-17
434,435,186,14,True,True,2022-08-07,2022-12-29
435,436,63,11,False,False,2022-10-16,2022-03-14
436,437,18,12,True,True,2022-05-25,2022-10-04
437,438,148,4,True,True,2022-08-30,2022-10-23
438,439,218,11,True,True,2022-03-21,2022-03-24
439,440,87,24,True,False,2022-11-11,2022-11-03
440,441,275,7,True,False,2022-06-15,2023-01-31
441,442,223,11,True,False,2022-06-22,2022-06-01
442,443,32,25,True,False,2022-05-19,2022-07-01
443,444,20,16,False,False,2022-05-09,2022-10-09
444,445,78,7,True,True,2022-05-29,2022-06-27
445,446,155,25,True,False,2022-07-11,2022-10-26
446,447,98,20,True,False,2023-01-01,2022-06-18
447,448,10,30,True,False,2023-01-30,2022-12-03
448,449,25,4,True,False,2022-09-02,2023-01-14
449,450,264,6,True,True,2023-02-10,2023-01-21
450,451,156,23,True,True,2023-02-08,2022-05-17
451,452,43,4,False,False,2022-10-10,2022-07-29
452,453,87,13,True,False,2022-09-19,2022-08-23
453,454,144,9,True,True,2023-02-08,2022-04-29
454,455,84,26,True,True,2023-01-05,2022-06-02
455,456,242,4,False,False,2022-10-20,2023-02-17
456,457,225,4,True,True,2022-08-08,2022-05-31
457,458,271,5,True,False,2022-07-01,2023-01-21
458,459,54,28,True,True,2022-04-23,2023-02-27
459,460,179,15,True,False,2023-01-20,2022-03-22
460,461,217,6,True,True,2022-04-27,2022-10-20
461,462,78,27,True,True,2022-12-28,2022-03-18
462,463,124,4,True,True,2022-10-10,2022-07-06
463,464,284,18,True,True,2022-11-29,2023-01-02
464,465,123,13,True,True,2022-12-19,2022-11-20
465,466,10,12,True,True,2022-05-05,2022-04-11
466,467,99,30,True,True,2022-09-23,2022-08-05
467,468,201,19,False,False,2022-10-21,2023-01-19
468,469,45,29,True,False,2022-07-11,2022-08-29
469,470,120,21,True,True,2022-09-24,2022-12-01
470,471,138,30,True,True,2022-07-29,2023-01-01
471,472,44,22,True,True,2022-10-04,2022-07-16
472,473,84,2,True,False,2022-03-13,2022-04-30
473,474,31,9,True,True,2022-08-31,2022-12-16
474,475,274,7,False,False,2022-09-03,2022-07-27
475,476,23,26,False,False,2022-07-09,2022-10-08
476,477,157,1,True,False,2022-08-15,2022-07-22
477,478,143,19,True,False,2023-01-11,2022-12-21
478,479,76,21,False,False,2022-12-03,2022-10-20
479,480,39,25,False,False,2022-09-20,2022-04-25
480,481,213,28,False,False,2022-11-19,2023-03-04
481,482,223,30,True,False,2022-08-06,2022-08-08
482,483,107,20,False,False,2022-05-31,2022-10-15
483,484,177,20,True,False,2022-03-14,2022-06-28
484,485,12,25,True,True,2022-11-14,2022-10-31
485,486,159,15,True,True,2022-12-18,2023-02-18
486,487,186,13,True,True,2022-12-24,2023-01-29
487,488,170,30,True,True,2022-12-20,2022-09-27
488,489,108,23,True,True,2022-05-29,2023-03-06
489,490,147,14,False,False,2022-09-08,2022-11-01
490,491,18,15,True,False,2023-01-31,2022-09-29
491,492,272,1,True,True,2022-08-18,2023-03-12
492,493,176,10,True,True,2022-12-27,2022-12-14
493,494,62,19,True,True,2022-07-09,2022-12-10
494,495,113,30,True,True,2022-05-18,2022-09-03
495,496,253,25,True,False,2022-11-08,2022-11-27
496,497,219,21,True,True,2022-10-05,2022-05-28
497,498,117,28,True,True,2022-07-30,2022-10-03
498,499,282,10,True,False,2022-03-14,2022-12-01
499,500,224,16,True,True,2022-08-11,2022-10-23
500,501,254,22,False,False,2022-08-25,2022-08-17
501,502,71,17,False,False,2022-07-21,2023-02-10
502,503,286,1,True,True,2022-11-09,2022-10-25
503,504,242,3,False,False,2022-12-22,2022-12-09
504,505,247,6,True,False,2023-02-24,2022-12-28
505,506,46,24,True,True,2022-04-08,2022-09-20
506,507,91,15,True,True,2022-12-27,2022-06-17
507,508,189,23,True,True,2022-11-16,2022-11-19
508,509,207,23,False,False,2022-07-03,2022-11-12
509,510,79,4,True,True,2022-03-21,2022-08-18
510,511,80,5,True,True,2022-12-18,2022-11-12
511,512,177,17,False,False,2022-05-12,2022-11-14
512,513,141,29,True,True,2023-01-09,2023-03-11
513,514,246,25,True,True,2022-08-14,2023-01-10
514,515,177,17,False,False,2022-06-25,2023-02-04
515,516,286,19,False,False,2022-05-21,2023-01-05
516,517,28,11,True,False,2022-04-10,2023-01-23
517,518,151,9,False,False,2023-01-08,2022-11-03
518,519,5,3,True,True,2022-03-16,2022-07-26
519,520,291,4,True,False,2023-03-02,2022-06-23
520,521,185,18,False,False,2023-01-17,2022-12-12
521,522,19,1,True,True,2022-08-19,2023-02-15
522,523,226,30,True,True,2022-12-04,2022-10-10
523,524,87,3,True,True,2022-07-08,2022-05-11
524,525,184,3,False,False,2022-09-08,2023-01-30
525,526,16,23,True,False,2022-06-21,2022-09-17
526,527,50,15,True,True,2022-05-17,2022-09-10
527,528,58,1,True,False,2022-09-27,2022-03-30
528,529,250,17,True,True,2022-06-26,2022-09-27
529,530,67,20,True,False,2022-04-20,2022-12-27
530,531,203,11,True,True,2022-10-28,2022-08-24
531,532,251,18,True,False,2022-04-09,2022-07-28
532,533,53,24,True,False,2022-04-08,2022-11-23
533,534,14,1,True,True,2022-08-31,2022-03-20
534,535,284,29,False,False,2022-05-15,2022-09-25
535,536,17,17,True,True,2022-12-13,2022-05-14
536,537,79,8,True,True,2022-12-06,2022-04-18
537,538,109,16,True,False,2022-08-16,2022-11-14
538,539,138,16,True,False,2022-12-05,2022-06-28
539,540,99,18,True,True,2022-11-02,2022-07-09
540,541,241,20,True,False,2022-06-02,2022-10-04
541,542,151,4,False,False,2022-06-01,2022-06-13
542,543,155,7,True,False,2023-02-20,2022-07-20
543,544,281,26,True,True,2022-06-25,2022-04-08
544,545,141,14,False,False,2022-04-11,2022-12-09
545,546,298,17,False,False,2023-01-29,2023-03-01
546,547,188,22,True,True,2022-10-02,2022-11-23
547,548,202,28,True,True,2022-08-02,2022-09-10
548,549,148,3,True,False,2022-09-27,2022-10-15
549,550,284,27,True,True,2022-12-24,2022-04-01
550,551,45,5,True,True,2022-05-17,2022-07-06
551,552,39,3,True,True,2022-11-21,2022-12-23
552,553,106,6,True,False,2022-12-15,2023-01-23
553,554,259,5,True,False,2022-10-15,2022-06-25
554,555,73,9,True,True,2022-07-29,2022-11-04
555,556,77,13,True,True,2022-12-25,2022-06-11
556,557,174,3,False,False,2022-08-12,2022-10-16
557,558,265,4,True,True,2022-08-15,2022-05-18
558,559,175,13,True,True,2022-09-16,2023-01-13
559,560,79,8,True,False,2022-06-21,2023-02-12
560,561,178,8,True,True,2022-11-05,2022-07-19
561,562,272,18,True,True,2022-12-16,2022-06-07
562,563,64,9,True,False,2022-06-21,2022-11-04
563,564,86,2,False,False,2022-12-12,2022-06-15
564,565,107,26,False,False,2023-02-03,2022-11-24
565,566,172,9,True,False,2022-03-24,2023-02-06
566,567,77,9,True,True,2023-02-25,2023-02-13
567,568,237,4,True,True,2022-11-09,2022-08-16
568,569,249,3,False,False,2022-07-13,2023-03-08
569,570,268,11,True,True,2022-08-27,2023-03-10
570,571,146,20,True,False,2023-01-02,2022-06-17
571,572,261,10,True,False,2023-01-12,2022-06-25
572,573,125,4,True,False,2022-05-25,2022-04-10
573,574,291,28,True,True,2022-11-11,2022-12-22
574,575,179,5,True,True,2022-05-16,2023-02-14
575,576,265,14,True,True,2022-10-23,2022-09-01
576,577,84,9,False,False,2022-10-24,2023-03-02
577,578,250,5,True,False,2023-03-10,2022-12-20
578,579,115,5,True,True,2022-05-09,2022-11-03
579,580,102,4,False,False,2022-06-22,2022-09-07
580,581,121,14,True,False,2022-10-03,2022-05-15
581,582,267,5,False,False,2022-05-05,2023-01-09
582,583,145,2,True,True,2022-05-05,2023-02-23
583,584,75,9,True,True,2022-12-15,2022-08-31
584,585,72,8,True,True,2022-07-31,2022-07-11
585,586,107,2,False,False,2022-12-29,2022-08-15
586,587,53,2,True,False,2022-06-14,2022-04-26
587,588,259,27,False,False,2022-12-16,2022-06-01
588,589,94,6,True,False,2022-12-17,2022-12-02
589,590,226,30,False,False,2022-07-09,2022-04-08
590,591,188,19,False,False,2022-04-23,2022-06-09
591,592,22,15,False,False,2022-08-14,2022-07-15
592,593,151,5,True,False,2022-09-20,2023-03-08
593,594,245,23,True,True,2022-04-20,2022-05-24
594,595,77,20,False,False,2022-03-30,2022-04-03
595,596,251,1,False,False,2023-01-21,2022-10-31
596,597,112,14,True,False,2022-03-22,2023-02-21
597,598,147,7,True,False,2022-12-30,2022-06-05
598,599,153,17,True,True,2022-12-03,2022-03-26
599,600,163,17,True,True,2022-09-21,2022-12-11
600,601,161,8,True,True,2022-10-04,2023-01-23
601,602,53,4,True,True,2022-12-19,2023-02-20
602,603,213,23,True,True,2022-11-06,2022-08-31
603,604,9,14,False,False,2022-07-23,2022-11-25
604,605,255,10,True,True,2023-02-01,2022-06-27
605,606,216,7,True,False,2022-04-27,2022-11-06
606,607,41,8,False,False,2022-12-06,2022-05-19
607,608,120,28,True,False,2022-04-18,2022-06-07
608,609,146,17,True,True,2022-08-15,2022-06-11
609,610,290,15,True,True,2022-09-21,2022-09-03
610,611,109,16,True,False,2022-08-06,2022-12-29
611,612,292,24,True,False,2022-05-17,2022-06-10
612,613,146,8,True,False,2022-06-12,2023-01-25
613,614,111,14,True,True,2022-07-01,2022-09-08
614,615,216,16,True,True,2022-10-11,2022-10-24
615,616,220,11,True,True,2022-08-11,2022-06-03
616,617,189,25,True,True,2022-09-04,2022-12-15
617,618,244,5,False,False,2022-06-21,2022-07-19
618,619,20,29,True,False,2022-09-21,2022-10-29
619,620,207,30,False,False,2022-04-25,2023-03-01
620,621,212,13,True,True,2022-06-04,2022-04-12
621,622,269,8,True,True,2022-03-30,2022-03-18
622,623,51,21,True,True,2023-01-16,2022-03-15
623,624,93,19,True,True,2023-02-09,2022-09-15
624,625,111,25,True,True,2022-07-15,2023-02-21
625,626,112,15,True,False,2022-08-08,2023-02-05
626,627,63,27,True,True,2022-10-24,2022-07-02
627,628,250,18,True,True,2023-03-04,2022-05-28
628,629,243,11,False,False,2022-08-15,2022-05-14
629,630,246,22,True,True,2023-02-17,2023-01-27
630,631,7,15,False,False,2023-01-01,2022-11-18
631,632,33,24,True,True,2022-05-11,2023-01-15
632,633,89,10,True,True,2023-03-02,2022-03-24
633,634,125,30,True,True,2022-03-18,2022-08-10
634,635,172,26,False,False,2022-05-08,2023-02-16
635,636,55,12,True,True,2022-11-26,2022-10-09
636,637,82,20,True,True,2022-04-04,2022-10-18
637,638,115,12,True,True,2022-08-07,2022-06-19
638,639,14,30,True,False,2022-05-02,2022-04-12
639,640,85,18,True,False,2022-09-08,2022-11-21
640,641,25,30,True,False,2023-02-02,2022-07-08
641,642,4,27,True,True,2023-02-27,2022-03-18
642,643,50,8,False,False,2022-03-26,2022-10-07
643,644,107,25,True,True,2022-04-05,2022-10-02
644,645,102,16,True,True,2023-02-02,2022-05-02
645,646,14,23,True,False,2022-03-29,2023-03-10
646,647,145,29,True,True,2022-06-27,2023-01-10
647,648,25,25,True,True,2022-04-27,2022-08-27
648,649,191,5,True,True,2022-04-17,2022-05-25
649,650,197,4,False,False,2022-03-23,2022-09-23
650,651,130,19,False,False,2022-11-15,2022-05-02
651,652,144,6,False,False,2022-12-27,2022-06-29
652,653,265,7,False,False,2022-12-04,2023-01-24
653,654,4,26,True,False,2023-02-04,2022-05-26
654,655,224,16,True,True,2022-11-25,2022-09-02
655,656,58,16,True,True,2022-08-11,2022-07-19
656,657,23,1,True,True,2022-11-13,2022-06-25
657,658,236,30,True,True,2022-06-21,2022-11-17
658,659,70,13,True,True,2022-11-14,2022-06-15
659,660,277,21,True,False,2022-06-16,2022-04-05
660,661,70,8,True,True,2022-10-27,2023-03-11
661,662,144,4,False,False,2023-01-13,2022-10-28
662,663,198,22,True,True,2022-05-20,2022-07-26
663,664,55,2,False,False,2022-08-26,2022-11-03
664,665,278,13,True,True,2022-12-09,2022-10-16
665,666,97,13,True,False,2022-11-15,2022-10-01
666,667,199,6,True,False,2022-04-05,2023-02-27
667,668,152,22,True,True,2022-07-28,2022-10-11
668,669,242,7,True,True,2022-08-20,2022-10-07
669,670,259,4,False,False,2022-05-29,2022-12-14
670,671,116,3,False,False,2023-02-17,2022-10-07
671,672,211,13,True,True,2022-08-24,2023-03-05
672,673,161,9,True,True,2022-11-25,2022-04-09
673,674,31,29,False,False,2022-12-15,2022-06-24
674,675,253,14,True,False,2022-12-26,2022-11-05
675,676,6,21,True,True,2022-12-18,2022-12-30
676,677,149,7,True,False,2022-04-10,2022-06-18
677,678,89,16,True,True,2022-05-20,2022-04-19
678,679,49,14,True,True,2022-05-10,2022-04-04
679,680,24,3,True,False,2023-03-04,2022-05-30
680,681,269,8,True,True,2023-02-07,2022-08-26
681,682,192,11,True,True,2023-02-06,2022-03-30
682,683,113,20,True,True,2022-04-02,2022-11-15
683,684,189,19,False,False,2022-04-17,2023-03-02
684,685,32,17,True,False,2023-01-22,2022-09-28
685,686,38,21,True,True,2022-09-11,2022-09-23
686,687,296,8,True,False,2022-08-03,2022-04-20
687,688,70,12,True,True,2022-07-12,2022-03-28
688,689,278,9,True,True,2022-05-01,2022-10-05
689,690,206,15,False,False,2022-03-25,2022-09-01
690,691,208,27,True,False,2022-11-25,2022-05-01
691,692,269,8,True,False,2023-02-23,2022-08-13
692,693,196,6,True,True,2023-01-03,2022-12-12
693,694,172,19,True,True,2023-02-25,2023-02-18
694,695,29,17,True,True,2022-09-02,2022-03-22
695,696,41,5,True,True,2022-12-24,2022-10-02
696,697,157,27,True,True,2022-06-25,2022-04-17
697,698,1,27,True,True,2022-06-18,2023-01-17
698,699,128,1,True,True,2022-07-17,2022-04-15
699,700,158,21,True,True,2022-07-08,2022-03-26
700,701,203,1,True,False,2023-02-09,2022-08-09
701,702,103,6,True,False,2022-04-04,2022-12-22
702,703,206,30,True,True,2022-06-22,2022-07-12
703,704,203,18,False,False,2022-12-23,2022-05-02
704,705,288,10,True,False,2022-06-22,2023-01-15
705,706,299,8,False,False,2022-08-07,2023-01-20
706,707,6,8,False,False,2022-04-27,2023-02-08
707,708,197,20,True,True,2022-12-01,2022-07-08
708,709,133,3,True,True,2022-04-18,2022-08-24
709,710,139,4,True,True,2023-02-02,2022-06-16
710,711,250,10,True,True,2022-09-24,2022-10-15
711,712,65,1,True,True,2022-05-31,2022-07-19
712,713,1,23,True,True,2023-03-06,2022-07-22
713,714,145,3,False,False,2022-09-26,2023-01-11
714,715,167,28,True,True,2022-08-11,2023-02-23
715,716,17,25,True,True,2022-10-25,2022-09-15
716,717,42,12,True,True,2022-04-22,2022-05-02
717,718,136,25,True,False,2022-11-21,2023-01-23
718,719,268,22,True,False,2022-09-03,2022-10-02
719,720,114,11,True,False,2022-10-15,2022-12-17
720,721,176,9,True,False,2023-02-03,2023-01-31
721,722,272,27,True,True,2022-10-24,2022-12-10
722,723,215,8,True,False,2022-09-30,2022-10-07
723,724,41,9,False,False,2022-03-24,2023-02-24
724,725,3,25,True,False,2023-01-29,2022-07-04
725,726,93,25,True,True,2022-12-26,2022-05-12
726,727,197,8,True,False,2022-05-29,2022-08-03
727,728,134,2,False,False,2022-08-11,2022-10-01
728,729,80,17,True,True,2022-07-16,2022-04-19
729,730,281,8,True,True,2022-08-19,2022-07-25
730,731,222,18,False,False,2022-05-01,2022-10-22
731,732,229,10,True,True,2022-04-07,2022-03-29
732,733,192,27,True,False,2022-07-07,2023-01-23
733,734,189,7,True,False,2023-01-17,2022-11-20
734,735,185,10,True,True,2022-10-06,2022-07-12
735,736,262,4,True,False,2022-08-22,2022-07-06
736,737,131,2,True,True,2022-07-14,2022-07-27
737,738,145,12,True,False,2022-06-26,2022-07-17
738,739,215,20,False,False,2022-12-28,2022-12-28
739,740,236,4,True,True,2022-09-30,2022-09-23
740,741,191,29,False,False,2022-03-16,2022-10-03
741,742,207,2,False,False,2022-04-29,2022-05-09
742,743,166,26,True,False,2022-07-14,2023-03-03
743,744,188,3,False,False,2022-12-20,2022-07-17
744,745,243,12,True,True,2023-01-11,2022-07-18
745,746,186,13,True,True,2022-10-21,2022-04-08
746,747,186,10,True,True,2022-09-04,2022-06-29
747,748,176,18,False,False,2022-09-15,2022-09-05
748,749,90,21,True,False,2023-03-02,2022-08-01
749,750,95,29,True,True,2023-03-08,2022-12-26
750,751,214,21,True,False,2022-08-07,2023-01-23
751,752,124,9,True,True,2023-02-21,2023-03-07
752,753,173,7,True,True,2022-04-12,2023-03-06
753,754,224,3,True,False,2022-10-23,2023-01-18
754,755,201,2,True,True,2022-04-03,2022-05-04
755,756,173,19,True,True,2022-03-31,2022-10-02
756,757,122,23,True,False,2022-09-20,2022-10-22
757,758,65,8,True,False,2023-02-07,2022-06-18
758,759,164,19,True,False,2023-01-11,2022-06-16
759,760,32,26,True,False,2022-12-10,2022-10-21
760,761,2,12,True,True,2022-12-27,2022-07-22
761,762,54,3,True,True,2022-07-31,2023-03-13
762,763,232,24,False,False,2023-01-16,2022-11-17
763,764,119,18,False,False,2022-08-03,2022-08-16
764,765,175,8,True,False,2022-07-10,2022-09-09
765,766,45,18,True,True,2022-10-31,2022-07-23
766,767,33,4,False,False,2022-10-05,2022-09-26
767,768,3,27,True,False,2022-05-17,2022-03-24
768,769,68,7,False,False,2022-05-09,2022-06-18
769,770,213,12,True,True,2022-12-04,2022-06-06
770,771,35,14,True,True,2022-10-17,2022-05-03
771,772,5,18,True,True,2023-02-28,2022-04-25
772,773,290,23,False,False,2022-05-23,2023-01-04
773,774,252,13,False,False,2022-08-19,2023-03-12
774,775,228,24,True,False,2022-12-20,2022-11-08
775,776,271,29,True,True,2022-04-01,2023-01-22
776,777,168,12,True,True,2022-04-20,2022-10-10
777,778,135,7,True,True,2022-12-02,2022-06-24
778,779,221,3,False,False,2022-12-15,2022-04-23
779,780,262,19,True,True,2022-05-31,2022-06-22
780,781,254,4,True,True,2022-04-07,2022-11-13
781,782,243,14,True,True,2022-10-20,2022-10-03
782,783,110,27,True,True,2022-11-16,2022-04-12
783,784,290,10,True,True,2023-02-08,2022-04-10
784,785,69,4,True,True,2023-01-15,2023-02-06
785,786,47,9,True,False,2022-06-05,2022-11-17
786,787,125,11,True,True,2023-02-01,2022-05-19
787,788,258,21,True,True,2022-09-27,2023-02-10
788,789,201,17,True,True,2022-08-27,2022-03-21
789,790,57,1,True,True,2022-10-28,2022-08-02
790,791,145,3,True,True,2023-02-25,2023-02-05
791,792,7,17,True,True,2022-09-18,2022-12-13
792,793,62,28,True,True,2023-01-20,2022-07-01
793,794,240,10,True,False,2022-06-06,2023-02-22
794,795,231,15,True,True,2022-05-29,2022-10-31
795,796,82,26,True,True,2022-09-20,2023-02-12
796,797,87,5,True,False,2023-02-25,2023-02-22
797,798,55,24,True,False,2022-06-12,2022-08-25
798,799,58,23,True,True,2022-09-04,2022-11-30
799,800,60,17,True,False,2022-08-02,2022-10-10
800,801,160,7,True,True,2023-03-02,2022-05-25
801,802,57,4,True,True,2023-01-16,2022-09-16
802,803,101,1,True,True,2022-12-19,2022-04-10
803,804,167,3,True,True,2023-01-23,2023-02-02
804,805,281,30,True,True,2022-06-20,2022-08-18
805,806,262,14,False,False,2022-05-30,2022-03-16
806,807,103,23,True,False,2022-12-28,2022-10-05
807,808,172,22,True,True,2023-01-06,2022-08-07
808,809,97,8,True,True,2022-09-28,2023-02-16
809,810,40,29,True,False,2022-09-18,2022-04-11
810,811,128,5,True,True,2022-08-16,2022-11-07
811,812,226,11,True,True,2023-02-18,2022-09-27
812,813,32,12,False,False,2023-01-16,2022-10-23
813,814,245,5,True,True,2022-10-26,2022-08-25
814,815,18,6,True,False,2022-03-28,2022-07-27
815,816,162,20,True,False,2023-02-06,2022-09-07
816,817,69,10,True,True,2022-03-15,2022-05-25
817,818,120,29,True,True,2022-07-07,2022-12-08
818,819,91,4,True,True,2022-12-06,2022-11-17
819,820,12,20,True,True,2022-03-15,2022-10-09
820,821,67,15,True,True,2022-04-28,2023-01-26
821,822,11,4,True,False,2022-07-08,2022-09-28
822,823,234,30,True,False,2023-02-20,2022-12-28
823,824,161,23,True,False,2022-07-13,2023-01-08
824,825,171,22,True,False,2022-10-09,2022-11-18
825,826,143,15,True,True,2022-10-21,2022-10-13
826,827,236,17,True,True,2022-06-30,2022-10-03
827,828,264,20,True,True,2022-08-19,2022-10-09
828,829,299,23,True,True,2023-03-12,2023-01-24
829,830,55,13,False,False,2023-03-07,2022-09-30
830,831,35,7,True,False,2022-08-18,2022-11-02
831,832,13,2,True,True,2022-11-12,2022-10-24
832,833,145,5,True,True,2022-07-10,2022-09-04
833,834,48,3,True,True,2022-07-08,2022-05-02
834,835,47,17,True,True,2022-09-25,2022-09-01
835,836,157,4,True,True,2022-10-26,2022-05-06
836,837,226,30,False,False,2022-10-12,2023-01-07
837,838,159,3,True,False,2022-05-15,2022-06-19
838,839,63,12,False,False,2022-11-15,2022-03-16
839,840,278,16,True,True,2022-08-24,2022-12-23
840,841,141,10,False,False,2022-11-24,2022-10-18
841,842,177,3,True,True,2022-03-27,2022-08-03
842,843,150,27,True,True,2022-08-23,2022-08-16
843,844,183,27,True,False,2022-06-30,2023-03-11
844,845,20,5,True,True,2022-11-23,2023-02-23
845,846,63,18,False,False,2022-12-29,2022-11-28
846,847,75,4,True,True,2022-03-20,2023-02-25
847,848,85,6,True,False,2022-04-17,2023-03-07
848,849,265,21,False,False,2022-04-16,2023-02-04
849,850,114,10,True,True,2022-03-14,2022-08-08
850,851,97,18,True,True,2022-06-25,2022-09-09
851,852,57,7,False,False,2022-06-26,2023-01-16
852,853,130,15,True,True,2023-01-10,2022-08-04
853,854,198,14,True,True,2022-11-14,2022-12-29
854,855,45,12,True,True,2023-02-06,2022-09-15
855,856,93,30,True,True,2023-01-05,2022-07-21
856,857,196,6,True,False,2022-08-10,2022-09-06
857,858,69,12,True,True,2023-01-19,2022-04-27
858,859,171,1,False,False,2022-09-16,2022-07-28
859,860,123,20,True,True,2022-05-08,2022-08-21
860,861,246,4,True,True,2022-05-09,2022-03-20
861,862,119,29,True,True,2022-05-18,2023-01-23
862,863,124,18,True,False,2022-06-22,2022-08-02
863,864,120,19,True,True,2023-02-09,2022-05-01
864,865,55,17,True,True,2022-10-27,2023-01-12
865,866,209,18,True,False,2022-07-02,2022-08-20
866,867,158,12,True,True,2022-06-21,2023-03-12
867,868,38,18,True,True,2022-09-28,2022-07-02
868,869,206,24,False,False,2022-12-25,2022-08-23
869,870,292,25,True,True,2022-12-06,2022-06-27
870,871,163,10,True,False,2022-08-28,2022-07-21
871,872,24,18,True,True,2023-01-08,2023-03-02
872,873,119,11,True,True,2022-09-17,2022-06-04
873,874,252,18,True,False,2022-12-15,2023-01-29
874,875,11,23,True,True,2022-09-19,2022-08-16
875,876,20,11,True,True,2022-12-16,2022-08-25
876,877,130,8,True,True,2022-04-17,2022-04-07
877,878,199,13,True,True,2022-05-02,2022-06-01
878,879,135,14,True,True,2022-05-10,2022-06-10
879,880,84,27,True,True,2022-12-21,2022-03-23
880,881,33,19,True,False,2022-04-22,2022-06-19
881,882,273,12,True,True,2022-05-12,2022-09-15
882,883,237,26,True,True,2023-01-07,2022-04-20
883,884,67,28,True,False,2022-08-15,2022-11-20
884,885,121,10,True,True,2022-12-18,2022-05-24
885,886,273,16,True,False,2023-01-31,2022-03-14
886,887,300,1,True,True,2022-04-16,2022-08-26
887,888,50,9,True,False,2022-11-05,2022-04-01
888,889,246,9,False,False,2022-10-12,2022-06-05
889,890,277,11,True,True,2022-10-06,2022-08-23
890,891,189,29,True,True,2022-07-25,2022-03-31
891,892,101,16,True,True,2022-11-21,2023-03-07
892,893,150,15,True,True,2022-04-22,2022-12-23
893,894,161,17,True,True,2022-10-13,2022-12-01
894,895,60,9,True,False,2022-08-22,2023-01-31
895,896,85,3,True,True,2022-11-28,2022-12-25
896,897,27,6,False,False,2022-04-28,2022-06-24
897,898,123,11,True,True,2022-12-03,2022-06-29
898,899,70,3,True,False,2022-05-21,2022-09-15
899,900,75,22,True,True,2023-01-19,2023-01-15
